{
    "histogram": [
        0.0,
        0.012763338007493985,
        -0.0628981722132221,
        0.11007079378574781,
        0.2061955357450608,
        0.3316099853681471,
        -0.11268773907486271,
        -0.4820896991084551,
        -0.860666005713641,
        -1.0891688777825619,
        -1.2155288762777272,
        -1.332290928164443,
        -1.6189515621794524,
        -1.9997653758938139,
        -2.421453975304847,
        -2.509284871030358,
        -2.9008424398285553,
        -3.8130116085611494,
        -4.5769751358059985,
        -5.334774717013456,
        -5.309305741305499,
        -5.2352381814393,
        -4.2355954100640805,
        -3.3495091508651633,
        -2.117116929983208,
        -1.0337714951588133,
        -0.3822677172604898,
        0.022718971239250152,
        0.4593200525703942,
        1.1981271704933452,
        1.880673610087305,
        2.497463532499335,
        3.0892576023286757,
        3.1774071391169443,
        3.3655972946612973,
        3.4745096325164795,
        3.4786235769285163,
        3.217453806830318,
        3.179273049644051,
        3.163931866056463,
        3.185217781940063,
        3.8815974919197136,
        4.1931387306927554,
        4.0652756296162496,
        3.7998382762031246,
        3.249208808061456,
        2.802939534913243,
        2.585866764497388,
        2.230756034438132,
        1.5729129532826973,
        0.8200409977383294,
        0.49192915790657477,
        0.4333633766100027,
        0.4628630773446267,
        0.4492336125189502,
        0.2870080615434043,
        0.09054967038297335,
        0.15076108395475352,
        0.27262166608551697,
        0.15169711055107538,
        0.16539018216280343,
        0.15387534341845743
    ],
    "signal_line": [
        0.0,
        0.0031908345018734964,
        -0.01253370855143203,
        0.014983989895004924,
        0.06653287383127013,
        0.1494353701733069,
        0.12126343540459125,
        0.000741010627477473,
        -0.21442549080093282,
        -0.48671771024657334,
        -0.7905999293160052,
        -1.1236726613571162,
        -1.5284105519019793,
        -2.028351895875433,
        -2.6337153897016448,
        -3.261036607459234,
        -3.986247217416373,
        -4.93950011955666,
        -6.083743903508161,
        -7.417437582761526,
        -8.744764018087901,
        -10.053573563447728,
        -11.11247241596375,
        -11.94984970368004,
        -12.479128936175844,
        -12.737571809965548,
        -12.83313873928067,
        -12.82745899647086,
        -12.712628983328262,
        -12.413097190704926,
        -11.942928788183101,
        -11.318562905058268,
        -10.5462485044761,
        -9.751896719696866,
        -8.910497396031543,
        -8.041869987902423,
        -7.172214093670295,
        -6.367850641962716,
        -5.573032379551703,
        -4.782049413037588,
        -3.9857449675525722,
        -3.015345594572644,
        -1.9670609118994555,
        -0.9507420044953931,
        -0.0007824354446119841,
        0.811519766570752,
        1.5122546502990628,
        2.15872134142341,
        2.716410350032943,
        3.1096385883536173,
        3.3146488377882,
        3.4376311272648445,
        3.5459719714173454,
        3.6616877407535022,
        3.7739961438832403,
        3.8457481592690916,
        3.868385576864835,
        3.906075847853524,
        3.9742312643749034,
        4.012155542012672,
        4.053503087553373,
        4.091971923407987
    ],
    "latest_macd": 4.245847266826445,
    "macd_line": [
        0.0,
        0.01595417250936748,
        -0.07543188076465412,
        0.12505478368075273,
        0.27272840957633093,
        0.481045355541454,
        0.008575696329728544,
        -0.48134868848097767,
        -1.075091496514574,
        -1.5758865880291353,
        -2.0061288055937325,
        -2.4559635895215592,
        -3.1473621140814316,
        -4.028117271769247,
        -5.055169365006492,
        -5.770321478489592,
        -6.887089657244928,
        -8.75251172811781,
        -10.66071903931416,
        -12.752212299774982,
        -14.0540697593934,
        -15.288811744887028,
        -15.34806782602783,
        -15.299358854545204,
        -14.596245866159052,
        -13.771343305124361,
        -13.21540645654116,
        -12.80474002523161,
        -12.253308930757868,
        -11.214970020211581,
        -10.062255178095796,
        -8.821099372558933,
        -7.4569909021474245,
        -6.574489580579922,
        -5.544900101370246,
        -4.567360355385944,
        -3.6935905167417786,
        -3.1503968351323977,
        -2.3937593299076525,
        -1.618117546981125,
        -0.8005271856125091,
        0.8662518973470696,
        2.2260778187933,
        3.114533625120856,
        3.7990558407585127,
        4.060728574632208,
        4.315194185212306,
        4.744588105920798,
        4.947166384471075,
        4.682551541636315,
        4.13468983552653,
        3.9295602851714193,
        3.979335348027348,
        4.124550818098129,
        4.223229756402191,
        4.132756220812496,
        3.9589352472478083,
        4.056836931808277,
        4.24685293046042,
        4.163852652563747,
        4.218893269716176,
        4.245847266826445
    ],
    "latest_histogram": 0.15387534341845743,
    "latest_crossover": "",
    "dates": [
        "2025-03-11 08:00:00",
        "2025-03-12 08:00:00",
        "2025-03-13 08:00:00",
        "2025-03-14 08:00:00",
        "2025-03-17 08:00:00",
        "2025-03-18 08:00:00",
        "2025-03-19 08:00:00",
        "2025-03-20 08:00:00",
        "2025-03-21 08:00:00",
        "2025-03-24 08:00:00",
        "2025-03-25 08:00:00",
        "2025-03-26 08:00:00",
        "2025-03-27 08:00:00",
        "2025-03-28 08:00:00",
        "2025-03-31 07:00:00",
        "2025-04-01 07:00:00",
        "2025-04-02 07:00:00",
        "2025-04-03 07:00:00",
        "2025-04-04 07:00:00",
        "2025-04-07 07:00:00",
        "2025-04-08 07:00:00",
        "2025-04-09 07:00:00",
        "2025-04-10 07:00:00",
        "2025-04-11 07:00:00",
        "2025-04-14 07:00:00",
        "2025-04-15 07:00:00",
        "2025-04-16 07:00:00",
        "2025-04-17 07:00:00",
        "2025-04-22 07:00:00",
        "2025-04-23 07:00:00",
        "2025-04-24 07:00:00",
        "2025-04-25 07:00:00",
        "2025-04-28 07:00:00",
        "2025-04-29 07:00:00",
        "2025-04-30 07:00:00",
        "2025-05-02 07:00:00",
        "2025-05-05 07:00:00",
        "2025-05-06 07:00:00",
        "2025-05-07 07:00:00",
        "2025-05-08 07:00:00",
        "2025-05-09 07:00:00",
        "2025-05-12 07:00:00",
        "2025-05-13 07:00:00",
        "2025-05-14 07:00:00",
        "2025-05-15 07:00:00",
        "2025-05-16 07:00:00",
        "2025-05-19 07:00:00",
        "2025-05-20 07:00:00",
        "2025-05-21 07:00:00",
        "2025-05-22 07:00:00",
        "2025-05-23 07:00:00",
        "2025-05-26 07:00:00",
        "2025-05-27 07:00:00",
        "2025-05-28 07:00:00",
        "2025-05-30 07:00:00",
        "2025-06-02 07:00:00",
        "2025-06-03 07:00:00",
        "2025-06-04 07:00:00",
        "2025-06-05 07:00:00",
        "2025-06-09 07:00:00",
        "2025-06-10 07:00:00",
        "2025-06-11 14:49:28"
    ],