{
    "histogram": [
        0.0,
        -0.31908831908831414,
        -1.44613293742289,
        -1.9450753675648356,
        -2.5877256736723857,
        -2.4831398058409073,
        -2.044041250190606,
        -1.413636110790085,
        -1.1398722740996998,
        -1.2354149333945523,
        -1.4142078456851666,
        -1.3645495510209997,
        -1.1711974986494509,
        -1.0101184366812408,
        -0.996662397963429,
        -1.214567042284326,
        -1.7675082707161858,
        -2.0507076384029066,
        -2.049589833913428,
        -4.195000404505377,
        -5.930053570472452,
        -7.328960169346862,
        -7.540073322656443,
        -7.629389252986542,
        -6.471575111029381,
        -5.1460062947078775,
        -3.4475813419352477,
        -1.5455795677347943,
        -0.2886307992201864,
        0.5817399425431624,
        1.258586360400919,
        1.8268398264730372,
        2.7015084961195655,
        3.575826699729344,
        4.293831401496423,
        4.5090589660438845,
        4.42588690714379,
        4.532860305810139,
        4.341025610219477,
        3.7514645995978544,
        3.3178797861349736,
        3.144004792262404,
        3.0646620013480383,
        3.641628162257165,
        4.1063978456324906,
        4.160797637068974,
        4.003084064371155,
        3.5966946962718933,
        3.2007101159296076,
        2.8119458434351583,
        2.314040517014499,
        1.5132858382363636,
        0.7207830110260205,
        0.5477127563420755,
        0.260173807746136,
        0.004712717351328416,
        -0.2364081094042232,
        -0.8382659979996218,
        -1.1158444066269748,
        -1.134785377773447,
        -0.9306006358370436
    ],
    "signal_line": [
        0.0,
        -0.07977207977207855,
        -0.44130531412780105,
        -0.92757415601901,
        -1.5745055744371066,
        -2.1952905258973336,
        -2.706300838444985,
        -3.059709866142507,
        -3.3446779346674322,
        -3.653531668016071,
        -4.007083629437363,
        -4.348221017192614,
        -4.641020391854977,
        -4.893550001025288,
        -5.142715600516145,
        -5.446357361087227,
        -5.888234428766274,
        -6.400911338367001,
        -6.913308796845358,
        -7.962058897971703,
        -9.444572290589818,
        -11.276812332926534,
        -13.161830663590646,
        -15.069177976837281,
        -16.687071754594626,
        -17.973573328271595,
        -18.835468663755407,
        -19.221863555689108,
        -19.294021255494158,
        -19.148586269858367,
        -18.83393967975814,
        -18.37722972313988,
        -17.70185259910999,
        -16.807895924177654,
        -15.734438073803549,
        -14.607173332292579,
        -13.500701605506633,
        -12.367486529054098,
        -11.28223012649923,
        -10.344363976599768,
        -9.514894030066024,
        -8.728892832000422,
        -7.962727331663414,
        -7.052320291099123,
        -6.025720829691001,
        -4.985521420423758,
        -3.98475040433097,
        -3.085576730262997,
        -2.2853992012805953,
        -1.5824127404218058,
        -1.003902611168181,
        -0.6255811516090901,
        -0.4453853988525851,
        -0.30845720976706625,
        -0.24341375783053226,
        -0.2422355784927002,
        -0.301337605843756,
        -0.5109041053436615,
        -0.7898652070004052,
        -1.073561551443767,
        -1.3062117104030282
    ],
    "latest_macd": -2.2368123462400717,
    "macd_line": [
        0.0,
        -0.3988603988603927,
        -1.887438251550691,
        -2.8726495235838456,
        -4.162231248109492,
        -4.678430331738241,
        -4.750342088635591,
        -4.473345976932592,
        -4.484550208767132,
        -4.888946601410623,
        -5.42129147512253,
        -5.712770568213614,
        -5.812217890504428,
        -5.9036684377065285,
        -6.139377998479574,
        -6.660924403371553,
        -7.65574269948246,
        -8.451618976769907,
        -8.962898630758787,
        -12.15705930247708,
        -15.37462586106227,
        -18.605772502273396,
        -20.70190398624709,
        -22.698567229823823,
        -23.158646865624007,
        -23.119579622979472,
        -22.283050005690654,
        -20.767443123423902,
        -19.582652054714345,
        -18.566846327315204,
        -17.57535331935722,
        -16.550389896666843,
        -15.000344102990425,
        -13.23206922444831,
        -11.440606672307126,
        -10.098114366248694,
        -9.074814698362843,
        -7.8346262232439585,
        -6.941204516279754,
        -6.592899377001913,
        -6.197014243931051,
        -5.5848880397380185,
        -4.898065330315376,
        -3.4106921288419585,
        -1.9193229840585104,
        -0.8247237833547842,
        0.01833366004018444,
        0.5111179660088965,
        0.9153109146490124,
        1.2295331030133525,
        1.310137905846318,
        0.8877046866272735,
        0.2753976121734354,
        0.23925554657500925,
        0.01676004991560376,
        -0.23752286114137178,
        -0.5377457152479792,
        -1.3491701033432832,
        -1.90570961362738,
        -2.208346929217214,
        -2.2368123462400717
    ],
    "latest_histogram": -0.9306006358370436,
    "latest_crossover": "",
    "dates": [
        "2025-03-07 08:00:00",
        "2025-03-10 08:00:00",
        "2025-03-11 08:00:00",
        "2025-03-12 08:00:00",
        "2025-03-13 08:00:00",
        "2025-03-14 08:00:00",
        "2025-03-17 08:00:00",
        "2025-03-18 08:00:00",
        "2025-03-19 08:00:00",
        "2025-03-20 08:00:00",
        "2025-03-21 08:00:00",
        "2025-03-24 08:00:00",
        "2025-03-25 08:00:00",
        "2025-03-26 08:00:00",
        "2025-03-27 08:00:00",
        "2025-03-28 08:00:00",
        "2025-03-31 07:00:00",
        "2025-04-01 07:00:00",
        "2025-04-02 07:00:00",
        "2025-04-03 07:00:00",
        "2025-04-04 07:00:00",
        "2025-04-07 07:00:00",
        "2025-04-08 07:00:00",
        "2025-04-09 07:00:00",
        "2025-04-10 07:00:00",
        "2025-04-11 07:00:00",
        "2025-04-14 07:00:00",
        "2025-04-15 07:00:00",
        "2025-04-16 07:00:00",
        "2025-04-17 07:00:00",
        "2025-04-22 07:00:00",
        "2025-04-23 07:00:00",
        "2025-04-24 07:00:00",
        "2025-04-25 07:00:00",
        "2025-04-28 07:00:00",
        "2025-04-29 07:00:00",
        "2025-04-30 07:00:00",
        "2025-05-02 07:00:00",
        "2025-05-05 07:00:00",
        "2025-05-06 07:00:00",
        "2025-05-07 07:00:00",
        "2025-05-08 07:00:00",
        "2025-05-09 07:00:00",
        "2025-05-12 07:00:00",
        "2025-05-13 07:00:00",
        "2025-05-14 07:00:00",
        "2025-05-15 07:00:00",
        "2025-05-16 07:00:00",
        "2025-05-19 07:00:00",
        "2025-05-20 07:00:00",
        "2025-05-21 07:00:00",
        "2025-05-22 07:00:00",
        "2025-05-23 07:00:00",
        "2025-05-26 07:00:00",
        "2025-05-27 07:00:00",
        "2025-05-28 07:00:00",
        "2025-05-30 07:00:00",
        "2025-06-02 07:00:00",
        "2025-06-03 07:00:00",
        "2025-06-04 07:00:00",
        "2025-06-05 07:00:00"
    ],