{
    "histogram": [
        0.0,
        -0.0003829048569725657,
        -0.0027717581434755444,
        -0.003925102418095667,
        -0.003787923663712998,
        -0.002585156596479797,
        -0.00345199996743016,
        -0.002690929961060317,
        -0.0021558158802031,
        -0.0026789118220039623,
        -0.0016619448062991458,
        -0.0008779377225853159,
        -0.0009810381339089925,
        -0.0020154245156888406,
        -0.0025536242116815933,
        -0.0021086122307577334,
        -0.0011935001145988704,
        -0.00041189465909903,
        0.0001821784055750994,
        0.001010057144611748,
        8.806860821770728e-5,
        -0.0009253054531740985,
        -0.0011110980320352421,
        -0.0019146249741520023,
        -0.0022292194600131675,
        -0.0013223409474680103,
        0.07420646120290654,
        0.05848890522250444,
        0.042430075767113884,
        0.030093350311429387,
        0.022965126984357584,
        0.01725301989680411,
        0.009880646712669923,
        0.005915934049776486,
        0.005940687079138536,
        0.009089298322943945,
        0.011202136331836879,
        0.024910108494758276,
        0.04881174267899224,
        0.07390928415058165,
        0.098272295944418,
        0.15194443526095255,
        0.14105500139699917,
        0.13972674941738378,
        0.12850709671022964,
        0.11521202089950461,
        0.09434962012711035,
        0.05813558257745638,
        0.027786133294284476,
        0.006150100546366777,
        0.0022637434738145834,
        0.00044754133258556594,
        -0.0038059957004898393,
        -0.004250146714253722,
        -0.012484494770063415,
        -0.02099333039783008,
        -0.00046236248669684343,
        0.06048841853645204,
        0.13897331715034045,
        0.20806277343138235,
        0.2671673630828901
    ],
    "signal_line": [
        0.0,
        -9.572621424314143e-5,
        -0.0007886657501120276,
        -0.0017699413546359444,
        -0.0027169222705641944,
        -0.003363211419684144,
        -0.004226211411541684,
        -0.004898943901806763,
        -0.005437897871857538,
        -0.006107625827358529,
        -0.006523112028933317,
        -0.006742596459579646,
        -0.006987855993056894,
        -0.007491712121979105,
        -0.008130118174899503,
        -0.008657271232588937,
        -0.008955646261238655,
        -0.009058619926013414,
        -0.009013075324619639,
        -0.008760561038466702,
        -0.008738543886412277,
        -0.0089698702497058,
        -0.00924764475771461,
        -0.009726301001252612,
        -0.010283605866255905,
        -0.01061419110312291,
        0.007937424197603724,
        0.022559650503229833,
        0.033167169445008304,
        0.040690507022865655,
        0.046431788768955054,
        0.05074504374315608,
        0.05321520542132357,
        0.05469418893376769,
        0.05617936070355233,
        0.05845168528428832,
        0.06125221936724755,
        0.06747974649093713,
        0.07968268216068519,
        0.0981600031983306,
        0.12272807718443512,
        0.16071418599967327,
        0.19597793634892308,
        0.230909623703269,
        0.26303639788082644,
        0.2918394031057026,
        0.31542680813748025,
        0.32996070378184433,
        0.3369072371054155,
        0.33844476224200715,
        0.33901069811046086,
        0.3391225834436073,
        0.3381710845184848,
        0.3371085478399214,
        0.33398742414740556,
        0.32873909154794806,
        0.3286235009262739,
        0.3437456055603869,
        0.3784889348479721,
        0.4305046282058177,
        0.4972964689765403
    ],
    "latest_macd": 0.7644638320594304,
    "macd_line": [
        0.0,
        -0.00047863107121570714,
        -0.003560423893587572,
        -0.005695043772731612,
        -0.0065048459342771925,
        -0.005948368016163941,
        -0.007678211378971844,
        -0.00758987386286708,
        -0.007593713752060638,
        -0.008786537649362491,
        -0.008185056835232463,
        -0.007620534182164962,
        -0.007968894126965886,
        -0.009507136637667946,
        -0.010683742386581097,
        -0.01076588346334667,
        -0.010149146375837526,
        -0.009470514585112444,
        -0.00883089691904454,
        -0.007750503893854954,
        -0.00865047527819457,
        -0.0098951757028799,
        -0.010358742789749853,
        -0.011640925975404615,
        -0.012512825326269073,
        -0.01193653205059092,
        0.08214388540051026,
        0.08104855572573427,
        0.07559724521212219,
        0.07078385733429504,
        0.06939691575331264,
        0.0679980636399602,
        0.06309585213399349,
        0.06061012298354418,
        0.06212004778269087,
        0.06754098360723226,
        0.07245435569908443,
        0.09238985498569541,
        0.12849442483967743,
        0.17206928734891225,
        0.22100037312885312,
        0.3126586212606258,
        0.33703293774592225,
        0.3706363731206528,
        0.3915434945910561,
        0.4070514240052072,
        0.4097764282645906,
        0.3880962863593007,
        0.36469337039969996,
        0.3445948627883739,
        0.34127444158427545,
        0.33957012477619286,
        0.334365088817995,
        0.33285840112566767,
        0.32150292937734215,
        0.307745761150118,
        0.32816113843957706,
        0.40423402409683895,
        0.5174622519983125,
        0.6385674016372,
        0.7644638320594304
    ],
    "latest_histogram": 0.2671673630828901,
    "latest_crossover": "",
    "dates": [
        "2025-03-07 08:00:00",
        "2025-03-10 08:00:00",
        "2025-03-11 08:00:00",
        "2025-03-12 08:00:00",
        "2025-03-13 08:00:00",
        "2025-03-14 08:00:00",
        "2025-03-17 08:00:00",
        "2025-03-18 08:00:00",
        "2025-03-19 08:00:00",
        "2025-03-20 08:00:00",
        "2025-03-21 08:00:00",
        "2025-03-24 08:00:00",
        "2025-03-25 08:00:00",
        "2025-03-26 08:00:00",
        "2025-03-27 08:00:00",
        "2025-03-28 08:00:00",
        "2025-03-31 07:00:00",
        "2025-04-01 07:00:00",
        "2025-04-02 07:00:00",
        "2025-04-03 07:00:00",
        "2025-04-04 07:00:00",
        "2025-04-07 07:00:00",
        "2025-04-08 07:00:00",
        "2025-04-09 07:00:00",
        "2025-04-10 07:00:00",
        "2025-04-11 07:00:00",
        "2025-04-14 07:00:00",
        "2025-04-15 07:00:00",
        "2025-04-16 07:00:00",
        "2025-04-17 07:00:00",
        "2025-04-22 07:00:00",
        "2025-04-23 07:00:00",
        "2025-04-24 07:00:00",
        "2025-04-25 07:00:00",
        "2025-04-28 07:00:00",
        "2025-04-29 07:00:00",
        "2025-04-30 07:00:00",
        "2025-05-02 07:00:00",
        "2025-05-05 07:00:00",
        "2025-05-06 07:00:00",
        "2025-05-07 07:00:00",
        "2025-05-08 07:00:00",
        "2025-05-09 07:00:00",
        "2025-05-12 07:00:00",
        "2025-05-13 07:00:00",
        "2025-05-14 07:00:00",
        "2025-05-15 07:00:00",
        "2025-05-16 07:00:00",
        "2025-05-19 07:00:00",
        "2025-05-20 07:00:00",
        "2025-05-21 07:00:00",
        "2025-05-22 07:00:00",
        "2025-05-23 07:00:00",
        "2025-05-26 07:00:00",
        "2025-05-27 07:00:00",
        "2025-05-28 07:00:00",
        "2025-05-30 07:00:00",
        "2025-06-02 07:00:00",
        "2025-06-03 07:00:00",
        "2025-06-04 07:00:00",
        "2025-06-05 07:00:00"
    ],